article_id	start_position	end_position	entity_text	entity_type
0	113	115	今天	time
1	31	33	今天	time
1	40	42	昨天	time
1	469	472	三個月	time
1	742	744	中午	time
1	881	884	12天	time
1	890	893	12天	time
1	902	906	三個星期	time
2	390	393	三個月	time
2	402	405	三個月	time
2	792	795	兩個月	time
2	1151	1155	450塊	money
2	1394	1398	450塊	money
2	1406	1408	今天	time
3	6	8	昨天	time
3	11	13	一天	time
3	43	45	今天	time
3	45	47	早上	time
3	221	223	昨天	time
3	225	227	早上	time
3	232	234	一天	time
3	263	265	今天	time
3	265	267	早上	time
3	543	545	一天	time
3	568	570	一天	time
3	643	645	昨天	time
3	662	664	昨天	time
3	673	675	今天	time
3	748	750	今天	time
3	817	819	今天	time
3	821	823	今天	time
4	45	47	今天	time
4	187	192	8月13號	time
4	369	372	三個月	time
5	697	699	今天	time
5	726	732	10月25號	time
5	1010	1013	兩個月	time
5	1035	1038	兩個月	time
5	1051	1057	10月25號	time
5	1170	1173	兩個月	time
5	1288	1291	兩個月	time
5	1303	1306	兩個月	time
5	1324	1327	一個月	time
5	1334	1337	一個月	time
5	1345	1348	兩個月	time
5	1357	1360	一個月	time
5	1372	1375	兩個月	time
5	1381	1383	今天	time
5	1395	1397	今天	time
5	1405	1408	一個月	time
5	1413	1419	10月14號	time
5	1451	1457	10月25號	time
5	1466	1472	10月25號	time
5	1478	1484	10月25號	time
5	1499	1504	9月24號	time
5	1509	1515	10月25號	time
5	1527	1530	兩個月	time
5	1556	1559	兩個月	time
5	1563	1566	兩個月	time
5	1570	1573	兩個月	time
5	2105	2108	一個月	time
6	803	807	一個禮拜	time
6	810	813	兩個月	time
6	1044	1046	早上	time
6	1154	1156	今天	time
6	1328	1332	一個禮拜	time
6	1375	1379	兩個禮拜	time
6	1380	1383	兩個月	time
6	1386	1389	兩個月	time
6	1468	1471	兩個月	time
6	1839	1841	今天	time
6	1888	1890	今天	time
6	2271	2273	阿姨	family
7	719	722	兩個月	time
7	728	731	兩個月	time
7	831	834	4個月	time
7	973	975	明年	time
7	982	984	明年	time
7	989	991	明年	time
7	1001	1003	明年	time
7	1113	1117	3月2號	time
7	1128	1132	800塊	money
7	1136	1140	800塊	money
8	196	198	今天	time
8	633	636	一個月	time
8	668	670	今天	time
8	672	675	兩個月	time
9	7	17	E127388873	ID
9	1416	1418	今天	time
9	1990	1992	一天	time
9	2721	2724	三個月	time
9	2763	2766	一個月	time
9	2766	2769	一個月	time
9	2797	2799	今天	time
9	2807	2809	早上	time
10	171	173	今天	time
10	683	687	100塊	money
10	694	698	100塊	money
10	892	894	昨天	time
10	1027	1029	一天	time
10	1054	1056	一天	time
10	1059	1061	一天	time
10	1201	1203	一天	time
10	1432	1434	一天	time
11	4	8	這個禮拜	time
11	125	127	晚上	time
11	165	171	Google	profession
11	1277	1279	一天	time
11	1425	1427	爺爺	family
11	1572	1574	今天	time
11	1632	1634	爸爸	family
11	1675	1681	Google	profession
11	2523	2525	今天	time
11	2527	2531	這個禮拜	time
11	3579	3584	2013年	time
11	4496	4501	2013年	time
11	4930	4932	昨天	time
11	5085	5087	早上	time
11	5095	5097	早上	time
11	5108	5110	早上	time
11	5180	5186	11月30號	time
11	5809	5814	8月23日	time
11	5824	5827	一個月	time
11	6215	6217	今天	time
12	169	171	今天	time
13	1273	1283	E137354975	ID
14	269	271	去年	time
14	605	607	晚上	time
14	693	695	明年	time
14	930	932	今天	time
15	4	8	兩個禮拜	time
15	302	306	兩個禮拜	time
15	310	314	兩個禮拜	time
15	315	319	兩個禮拜	time
15	336	338	一天	time
15	353	355	一天	time
15	617	619	今天	time
15	620	626	11月20號	time
15	708	712	兩個禮拜	time
16	472	475	三個月	time
16	623	627	2月2號	time
16	649	652	三個月	time
16	703	705	1年	time
16	750	753	三個月	time
16	773	775	今天	time
16	785	788	3個月	time
16	794	799	1500元	money
16	832	837	2月16號	time
17	625	628	三個月	time
18	632	635	兩個月	time
18	674	676	今天	time
18	734	736	昨天	time
18	737	739	晚上	time
18	807	809	今天	time
18	907	909	早上	time
18	916	918	下午	time
18	924	926	下午	time
18	944	946	下午	time
18	963	965	下午	time
18	1142	1146	這個禮拜	time
18	1166	1168	下午	time
18	1181	1183	下午	time
18	1194	1196	下午	time
18	1217	1219	早上	time
18	1232	1234	下午	time
18	1295	1297	今天	time
18	1299	1301	早上	time
18	1335	1337	三天	time
18	1521	1523	三天	time
18	1545	1547	三天	time
19	56	58	三天	time
19	417	419	三天	time
19	424	426	今天	time
19	540	542	今天	time
19	573	575	一天	time
19	578	580	一天	time
19	804	806	晚上	time
19	892	894	一天	time
19	927	929	今天	time
19	1000	1002	早上	time
19	1499	1503	一個禮拜	time
19	1531	1533	兩天	time
19	1557	1559	兩天	time
19	1582	1584	兩天	time
19	1609	1611	一天	time
19	1613	1615	一天	time
20	42	44	一天	time
20	93	95	今天	time
20	198	202	這個禮拜	time
20	217	221	這個禮拜	time
20	1018	1020	兩天	time
20	1050	1052	兩天	time
22	65	69	三個禮拜	time
22	312	316	兩個禮拜	time
22	741	743	今天	time
23	591	595	一個禮拜	time
23	623	627	一個禮拜	time
23	1166	1170	215塊	money
23	1480	1482	一天	time
23	1537	1539	晚上	time
23	2078	2080	一天	time
24	40	44	兩個禮拜	time
24	297	301	兩個禮拜	time
24	325	327	早上	time
24	328	330	下午	time
24	339	341	早上	time
24	425	429	line	contact
24	457	459	早上	time
24	465	469	line	contact
24	475	477	早上	time
25	37	39	兩天	time
25	47	49	兩天	time
25	164	166	晚上	time
25	194	197	一個月	time
25	282	284	早上	time
25	602	604	兒子	family
25	722	724	兒子	family
26	358	360	一天	time
26	878	880	一天	time
26	893	895	一天	time
26	1422	1424	晚上	time
27	1039	1043	三個禮拜	time
27	1053	1059	10月12號	time
28	941	944	兩個月	time
28	1024	1026	去年	time
28	1037	1039	去年	time
28	1639	1641	明年	time
29	422	424	去年	time
29	587	590	3個月	time
29	626	629	一個月	time
29	655	658	三個月	time
29	807	810	三個月	time
30	22	27	7月19號	time
30	1046	1048	明年	time
30	1213	1218	2月25號	time
31	864	866	中午	time
31	983	985	四天	time
31	1378	1381	三個月	time
31	1444	1447	三個月	time
31	1559	1561	一天	time
32	164	166	今天	time
32	737	740	兩個月	time
32	743	746	兩個月	time
33	224	226	明年	time
33	411	413	去年	time
33	428	430	去年	time
33	441	443	去年	time
33	457	459	去年	time
33	524	526	去年	time
33	528	533	2月25號	time
33	553	558	2月25號	time
33	680	683	3個月	time
34	315	320	8月20號	time
35	621	625	三個禮拜	time
35	693	696	兩個月	time
35	773	775	晚上	time
35	1109	1111	早上	time
35	1122	1124	早上	time
35	1250	1253	三個月	time
35	1393	1397	兩個禮拜	time
35	1601	1603	一天	time
35	1643	1645	兩天	time
35	1702	1704	一天	time
35	1801	1811	R103846354	ID
36	192	194	早上	time
36	242	244	我爸	family
36	380	382	一天	time
36	851	853	今天	time
36	1115	1125	E183745524	ID
37	187	191	一個禮拜	time
37	404	406	明年	time
38	12	14	早上	time
38	565	567	一天	time
38	662	666	一個禮拜	time
38	766	776	0935642234	contact
39	116	118	一天	time
39	799	802	三個月	time
39	814	817	三個月	time
39	1109	1111	正午	time
39	1201	1204	我兒子	family
39	1421	1423	爸爸	family
40	226	228	今天	time
40	236	238	今天	time
40	499	509	E184666204	ID
41	719	721	今天	time
41	1539	1541	今天	time
41	1773	1775	今天	time
41	2088	2090	今天	time
41	2099	2101	明年	time
42	42	44	晚上	time
42	96	98	晚上	time
42	235	237	晚上	time
42	1101	1103	晚上	time
42	1347	1351	一個禮拜	time
42	1518	1521	我女兒	family
43	537	539	明年	time
43	633	635	明年	time
43	895	897	5年	time
43	1000	1002	一天	time
44	6	16	R113566480	ID
45	38	40	昨天	time
45	409	412	兩個月	time
45	507	510	我女兒	family
45	1421	1424	兩個月	time
45	1446	1448	昨天	time
45	1500	1502	昨天	time
45	1503	1505	昨天	time
45	1574	1576	昨天	time
45	1578	1580	昨天	time
45	1582	1584	昨天	time
45	1737	1741	兩個禮拜	time
45	1796	1798	昨天	time
45	1800	1802	昨天	time
45	2062	2064	去年	time
45	2225	2228	兩個月	time
45	2251	2254	兩個月	time
45	2337	2343	10月13號	time
45	2353	2356	兩個月	time
45	2741	2743	昨天	time
45	2903	2905	早上	time
45	2906	2908	下午	time
45	3010	3013	三個月	time
45	3020	3023	三個月	time
46	200	204	一個禮拜	time
46	251	253	一天	time
46	272	274	一天	time
46	283	285	一天	time
46	325	327	一天	time
46	384	394	0933625337	contact
47	666	670	一個禮拜	time
47	710	714	一個禮拜	time
47	716	718	五天	time
48	50	52	今天	time
48	95	97	今天	time
48	206	208	今天	time
48	264	266	晚上	time
48	283	285	晚上	time
48	306	308	今天	time
48	370	372	昨天	time
48	633	635	今天	time
48	669	671	今天	time
48	746	752	10月16號	time
48	835	838	三個月	time
48	933	935	兩天	time
48	987	989	阿姨	family
48	1060	1062	晚上	time
48	1067	1069	晚上	time
48	1134	1136	晚上	time
48	1185	1187	晚上	time
48	1193	1195	晚上	time
48	1207	1209	晚上	time
48	1596	1599	三個月	time
48	1609	1612	一個月	time
48	1750	1752	早上	time
49	8	18	R113993846	ID
49	266	268	晚上	time
49	290	294	一個禮拜	time
49	301	305	一個禮拜	time
49	309	313	兩個禮拜	time
49	318	322	兩個禮拜	time
49	327	331	一個禮拜	time
49	723	725	今天	time
49	788	790	晚上	time
49	793	795	今天	time
49	865	867	一天	time
49	885	887	晚上	time
49	930	932	晚上	time
49	977	979	晚上	time
49	1218	1220	晚上	time
49	1225	1227	晚上	time
49	1297	1299	晚上	time
49	1303	1305	晚上	time
50	639	643	一個禮拜	time
50	729	734	1月15號	time
50	793	798	1月20號	time
50	828	830	今天	time
50	832	834	今天	time
50	837	842	1月20號	time
50	1045	1047	今天	time
50	1091	1096	1月26號	time
50	2410	2414	LINE	contact
51	20	30	R334666726	ID
51	166	168	三天	time
51	283	289	10月15號	time
51	292	298	10月15號	time
51	319	325	11月18號	time
51	441	446	12月7號	time
51	523	525	明天	time
51	526	528	早上	time
51	582	584	今天	time
51	587	591	兩個禮拜	time
51	596	600	兩個禮拜	time
51	626	631	12月7號	time
51	643	648	12月7號	time
51	659	664	12月7號	time
51	669	674	12月7號	time
51	694	698	兩個禮拜	time
51	782	787	12月7號	time
51	797	801	兩個禮拜	time
51	832	837	12月7號	time
51	845	849	兩個禮拜	time
51	879	883	兩個禮拜	time
51	968	972	兩個禮拜	time
51	1005	1009	兩個禮拜	time
51	1115	1119	兩個禮拜	time
51	1136	1140	一個禮拜	time
51	1333	1337	一個禮拜	time
51	1346	1350	一個禮拜	time
51	1368	1370	昨天	time
51	1507	1510	兩個月	time
51	1515	1518	兩個月	time
52	3	7	這個禮拜	time
53	1036	1038	一天	time
53	1038	1040	晚上	time
53	1068	1070	早上	time
53	1084	1086	晚上	time
53	1402	1408	10月19號	time
54	44	46	今天	time
54	94	98	這個禮拜	time
54	333	335	一天	time
54	375	377	一天	time
54	657	660	我叔叔	family
54	658	660	叔叔	family
54	661	663	阿姨	family
54	704	706	叔叔	family
54	707	709	阿姨	family
54	831	833	一天	time
54	856	858	一天	time
54	933	935	一天	time
54	939	941	一天	time
55	467	469	今天	time
55	488	492	兩個禮拜	time
55	502	506	兩個禮拜	time
55	606	609	兩個月	time
55	749	752	一個月	time
55	964	966	一天	time
55	981	983	一天	time
55	1197	1200	三個月	time
55	1227	1230	兩個月	time
55	1237	1240	兩個月	time
55	1247	1250	兩個月	time
55	1313	1316	兩個月	time
55	1320	1322	今天	time
55	1324	1327	一個月	time
56	793	796	兩個月	time
56	811	815	三個禮拜	time
56	819	822	兩個月	time
56	829	832	兩個月	time
56	843	846	兩個月	time
56	1354	1356	一天	time
56	1360	1364	三個禮拜	time
57	3	5	阿姨	family
57	651	653	今天	time
57	662	664	今天	time
57	676	678	今天	time
57	729	733	四月三號	time
57	744	748	四月三號	time
57	799	804	10月5號	time
58	216	219	兩個月	time
58	220	224	4月8號	time
58	227	230	一個月	time
58	365	368	我兒子	family
58	366	368	兒子	family
58	378	381	三個月	time
58	393	396	兩個月	time
58	1005	1008	我兒子	family
58	1006	1008	兒子	family
58	1208	1211	三個月	time
58	1225	1228	三個月	time
58	1237	1239	一天	time
58	1270	1273	三個月	time
58	1273	1276	90天	time
58	1431	1434	三個月	time
58	1576	1579	三個月	time
58	1581	1583	一天	time
58	1596	1599	三個月	time
58	1760	1763	我兒子	family
58	1761	1763	兒子	family
58	1765	1767	兒子	family
58	1801	1804	三個月	time
59	122	124	兩天	time
59	129	131	晚上	time
59	256	258	晚上	time
59	634	636	兩天	time
59	859	861	早上	time
59	874	876	阿姨	family
59	1115	1117	早上	time
59	1327	1329	早上	time
59	1351	1353	中午	time
60	134	136	一天	time
60	409	411	一天	time
60	1131	1133	早上	time
60	1403	1405	一天	time
61	125	127	下午	time
61	641	645	兩個禮拜	time
61	1257	1259	今天	time
61	1261	1263	今天	time
61	1331	1333	今天	time
62	364	366	今天	time
62	827	829	晚上	time
62	835	837	下午	time
62	844	846	下午	time
62	862	864	晚上	time
62	889	891	早上	time
62	903	905	早上	time
62	926	928	下午	time
62	995	998	三個月	time
62	1009	1011	早上	time
62	1028	1030	我爸	family
62	1071	1073	今天	time
62	1111	1113	早上	time
62	1277	1279	昨天	time
62	1400	1402	臉書	contact
62	1454	1458	150塊	money
62	1771	1773	女兒	family
62	1804	1806	女兒	family
63	6	16	R234526780	ID
63	19	21	今天	time
63	88	90	今天	time
63	92	94	今天	time
63	171	173	今天	time
63	250	252	今天	time
63	312	314	一天	time
63	340	342	今天	time
63	486	488	早上	time
63	490	492	晚上	time
63	516	520	兩個禮拜	time
63	540	544	兩個禮拜	time
63	611	613	早上	time
63	615	617	晚上	time
63	669	672	14天	time
63	679	681	7天	time
63	687	689	早上	time
63	691	693	晚上	time
63	698	701	28天	time
63	720	723	14天	time
63	980	982	一天	time
63	1233	1235	今天	time
63	1269	1273	兩個禮拜	time
64	12	14	今天	time
64	179	181	一天	time
64	186	188	今天	time
64	226	228	今天	time
64	925	929	line	contact
65	113	115	今天	time
65	262	266	八月七號	time
65	327	331	八月七號	time
65	339	343	八月七號	time
65	788	792	兩個禮拜	time
65	1399	1401	一天	time
65	1413	1415	一天	time
65	1421	1423	一天	time
65	1763	1765	一天	time
65	1792	1794	下午	time
65	2117	2119	一天	time
65	2148	2150	一天	time
65	2301	2311	F178290737	ID
66	6	10	這個禮拜	time
66	35	37	昨天	time
66	73	75	早上	time
66	91	93	中午	time
66	180	184	這個禮拜	time
66	268	270	昨天	time
66	404	406	爸爸	family
66	427	429	今天	time
66	463	465	今天	time
66	516	518	今天	time
66	579	581	今天	time
66	586	588	今天	time
66	970	972	一天	time
66	1016	1019	我奶奶	family
67	25	27	晚上	time
67	84	86	晚上	time
67	91	93	今天	time
67	103	105	今天	time
67	110	112	早上	time
67	161	163	昨天	time
67	186	188	昨天	time
67	203	205	今天	time
67	224	226	今天	time
67	227	229	早上	time
67	372	374	昨天	time
67	378	380	昨天	time
67	424	426	今天	time
67	750	752	一天	time
67	763	765	一天	time
67	1122	1124	今天	time
67	1125	1127	今天	time
67	1132	1134	今天	time
67	1146	1148	今天	time
67	1161	1163	今天	time
67	1168	1170	明天	time
67	1458	1460	昨天	time
67	1475	1477	早上	time
67	1531	1533	早上	time
67	1592	1594	中午	time
67	1644	1646	昨天	time
67	1647	1649	晚上	time
67	1696	1698	今天	time
67	1699	1701	早上	time
67	1714	1716	今天	time
67	1722	1724	早上	time
67	1744	1746	中午	time
67	1906	1908	早上	time
67	1918	1920	早上	time
67	2006	2008	今天	time
67	2015	2017	昨天	time
67	2185	2187	兩天	time
67	2527	2529	今天	time
67	2542	2544	今天	time
67	2733	2735	今天	time
67	2738	2740	昨天	time
67	2768	2770	中午	time
67	2842	2844	今天	time
67	2875	2877	今天	time
67	2878	2880	中午	time
67	2962	2964	早上	time
67	3071	3073	昨天	time
67	3117	3119	三天	time
68	27	29	昨天	time
68	57	59	今天	time
68	60	62	今天	time
68	78	80	今天	time
68	81	83	今天	time
68	100	102	今天	time
68	318	320	阿姨	family
68	410	414	一個禮拜	time
68	422	426	一個禮拜	time
68	443	447	兩個禮拜	time
68	486	490	兩個禮拜	time
68	496	500	兩個禮拜	time
68	540	542	今天	time
68	552	554	四天	time
68	670	674	一個禮拜	time
68	690	694	一個禮拜	time
68	874	876	今天	time
68	943	945	昨天	time
68	954	956	今天	time
68	1203	1205	今天	time
68	1274	1276	今天	time
68	1277	1279	今天	time
68	1284	1286	今天	time
68	1304	1306	今天	time
69	482	484	今天	time
69	553	555	爸爸	family
69	608	610	女兒	family
69	682	686	兩個禮拜	time
69	690	694	兩個禮拜	time
69	698	702	兩個禮拜	time
70	7	9	今天	time
70	57	59	今天	time
70	86	88	今天	time
70	536	540	一個禮拜	time
70	734	737	一個月	time
70	1432	1436	一個禮拜	time
70	1444	1446	5天	time
70	1693	1695	7天	time
70	1704	1706	5天	time
70	1809	1814	7月10號	time
70	1893	1898	7月16號	time
70	1899	1904	7月16號	time
70	1932	1934	晚上	time
70	1963	1968	7月23號	time
70	1971	1976	7月30號	time
70	1977	1981	8月3號	time
71	4	8	這個禮拜	time
71	12	16	這個禮拜	time
71	464	468	這個禮拜	time
71	1034	1036	晚上	time
71	1041	1043	晚上	time
72	127	129	昨天	time
72	144	146	昨天	time
72	146	148	晚上	time
72	353	355	今天	time
72	355	357	早上	time
72	568	570	今天	time
72	624	626	今天	time
72	921	925	兩個禮拜	time
72	989	993	一個禮拜	time
72	1063	1065	早上	time
72	1068	1070	晚上	time
72	1091	1095	兩個禮拜	time
72	1106	1108	一天	time
72	1109	1111	早上	time
72	1114	1116	晚上	time
72	1119	1121	一天	time
72	1136	1140	兩個禮拜	time
72	1198	1200	四天	time
72	1235	1237	一天	time
72	1261	1263	一天	time
72	1283	1285	一天	time
72	1298	1303	7月24號	time
72	1326	1328	今天	time
73	18	22	這個禮拜	time
73	70	75	7月20號	time
73	718	720	去年	time
73	1000	1002	今天	time
73	1368	1370	早上	time
73	1375	1377	早上	time
73	1384	1386	早上	time
73	1390	1392	早上	time
73	1408	1410	晚上	time
73	1414	1416	早上	time
73	1464	1466	晚上	time
73	1822	1824	隔天	time
73	1937	1939	晚上	time
74	5	9	這個禮拜	time
74	109	113	這個禮拜	time
74	116	118	五天	time
74	567	569	晚上	time
74	592	594	晚上	time
74	603	605	晚上	time
75	486	488	今天	time
75	511	513	今天	time
75	1266	1270	一個禮拜	time
75	1580	1582	今天	time
75	1658	1660	今天	time
76	214	216	昨天	time
76	539	541	兩天	time
76	649	651	兩天	time
76	1154	1156	今天	time
76	2105	2107	隔天	time
76	2236	2239	我女兒	family
76	3089	3091	今天	time
76	3103	3105	今天	time
76	3199	3201	三天	time
76	3378	3381	我女兒	family
77	693	695	今天	time
77	704	707	我兒子	family
77	705	707	兒子	family
77	1288	1293	3000塊	money
77	1336	1341	3000塊	money
77	1575	1577	兒子	family
77	1628	1630	下午	time
77	1710	1712	一天	time
77	1748	1750	三天	time
77	2017	2020	我爸爸	family
77	2196	2198	明年	time
78	29	33	三個禮拜	time
78	37	41	三個禮拜	time
78	400	402	晚上	time
78	552	556	三個禮拜	time
78	582	584	今天	time
79	1551	1553	女兒	family
79	1901	1903	兒子	family
79	2247	2250	10塊	money
79	2251	2253	一天	time
80	9	13	三個禮拜	time
80	63	67	三個禮拜	time
80	252	256	三個禮拜	time
80	777	781	一個禮拜	time
80	1089	1094	11月8號	time
80	1218	1224	11月25號	time
80	1260	1262	今天	time
80	1272	1274	今天	time
80	1427	1429	今天	time
81	60	62	今天	time
81	77	79	今天	time
81	102	104	下午	time
81	112	114	早上	time
81	171	173	今天	time
81	206	209	我女兒	family
81	862	867	6月15號	time
81	921	926	6月15號	time
81	1144	1146	四天	time
81	1163	1165	今天	time
81	1322	1324	四天	time
81	1338	1340	晚上	time
81	1363	1365	晚上	time
82	5	9	這個禮拜	time
82	1210	1212	今天	time
83	5	7	一天	time
83	823	825	早上	time
83	826	828	早上	time
83	829	831	下午	time
83	843	845	早上	time
83	868	870	今天	time
83	882	884	今天	time
83	1014	1016	四天	time
83	1787	1789	早上	time
83	1792	1794	下午	time
83	1828	1830	今天	time
83	1835	1837	今天	time
83	1837	1839	晚上	time
83	1875	1877	今天	time
83	1877	1879	下午	time
83	1883	1885	明天	time
83	1916	1918	兩天	time
83	2088	2090	今天	time
83	2097	2099	今天	time
83	2135	2137	今天	time
83	2268	2270	早上	time
83	2297	2299	早上	time
83	2313	2315	下午	time
83	2329	2331	下午	time
83	2341	2343	下午	time
83	2356	2358	下午	time
83	2362	2364	下午	time
83	2373	2375	下午	time
83	2546	2548	今天	time
83	2557	2559	昨天	time
83	2569	2571	兩天	time
83	2625	2627	下午	time
83	2696	2698	下午	time
83	2717	2719	兩天	time
83	2719	2721	下午	time
83	2736	2738	今天	time
83	2743	2745	下午	time
83	2804	2806	一天	time
83	2912	2914	早上	time
83	2939	2941	早上	time
83	2956	2958	早上	time
83	3065	3067	兩天	time
83	3182	3184	早上	time
83	3192	3194	晚上	time
83	3286	3288	今天	time
83	3331	3333	早上	time
83	3366	3368	早上	time
83	3415	3417	早上	time
83	3480	3482	晚上	time
83	3571	3573	今天	time
83	3573	3575	晚上	time
83	3580	3582	今天	time
83	3582	3584	下午	time
83	3588	3590	今天	time
83	3590	3592	下午	time
83	3594	3596	明天	time
83	3596	3598	早上	time
83	3607	3609	明天	time
83	3609	3611	下午	time
83	3615	3617	明天	time
83	3617	3619	下午	time
83	3680	3682	早上	time
83	3738	3740	下午	time
83	3793	3795	晚上	time
83	3808	3810	下午	time
83	3815	3817	下午	time
83	3989	3991	今天	time
83	4007	4009	四天	time
84	4	6	先生	family
84	894	896	今天	time
84	902	904	早上	time
84	1267	1270	一個月	time
84	1596	1600	兩個禮拜	time
84	1740	1744	一個禮拜	time
84	1760	1764	一個禮拜	time
84	1776	1778	今天	time
84	1797	1801	一個禮拜	time
84	1839	1841	今天	time
84	1964	1966	今天	time
84	1974	1976	早上	time
84	2035	2037	今天	time
84	2092	2096	一個禮拜	time
84	2107	2111	一個禮拜	time
84	2117	2119	6天	time
84	2120	2122	5天	time
84	2141	2143	7天	time
84	2175	2177	先生	family
85	687	689	今天	time
85	694	698	九月七號	time
85	703	705	今天	time
85	734	736	四天	time
85	743	745	明天	time
85	745	747	早上	time
85	827	831	三個禮拜	time
85	884	888	兩個禮拜	time
85	890	892	昨天	time
85	893	895	今天	time
85	895	897	清晨	time
85	899	901	今天	time
85	901	903	清晨	time
85	1087	1091	兩個禮拜	time
85	1828	1830	早上	time
85	2421	2423	早上	time
85	2568	2571	兩個月	time
85	2907	2910	我兒子	family
85	3083	3087	一個禮拜	time
85	3088	3092	兩個禮拜	time
85	3105	3109	一個禮拜	time
86	325	327	一天	time
87	249	253	一個禮拜	time
87	255	259	三個禮拜	time
87	276	280	9月4號	time
87	294	296	明年	time
87	345	350	11月9號	time
88	1596	1598	1年	time
88	1734	1736	1年	time
88	1823	1825	明年	time
88	1977	1981	7月5號	time
88	1988	1991	2個月	time
89	51	53	早上	time
89	254	256	今天	time
89	300	302	今天	time
89	373	375	今天	time
89	395	399	一個禮拜	time
89	519	521	晚上	time
89	524	526	晚上	time
89	536	538	晚上	time
89	544	546	晚上	time
89	614	616	早上	time
89	662	664	早上	time
89	921	923	今天	time
89	1035	1037	昨天	time
90	110	112	晚上	time
90	581	583	晚上	time
90	622	624	晚上	time
90	762	764	晚上	time
90	772	774	晚上	time
90	909	911	晚上	time
90	982	984	晚上	time
90	1525	1535	R223640298	ID
91	3	13	A184058370	ID
91	269	271	下午	time
91	273	275	早上	time
91	635	637	兩天	time
91	706	708	兩天	time
91	709	711	三天	time
91	718	720	兩天	time
91	720	722	三天	time
91	732	734	早上	time
91	796	802	11月25號	time
91	819	825	11月25號	time
91	1046	1051	2015年	time
92	184	188	一個禮拜	time
92	204	208	一個禮拜	time
92	627	629	今天	time
92	770	772	今天	time
92	803	806	兩個月	time
92	1423	1433	A148390275	ID
92	1575	1577	一天	time
92	1748	1750	今天	time
92	1757	1761	兩個禮拜	time
92	1778	1780	明天	time
93	699	701	今天	time
93	747	749	先生	family
93	802	813	E1287394675	ID
94	410	412	早上	time
94	472	474	今天	time
94	580	582	兩天	time
94	719	721	昨天	time
94	748	752	一個禮拜	time
94	919	921	兩天	time
94	932	934	早上	time
94	1179	1181	晚上	time
94	1637	1641	九月三號	time
94	2270	2274	兩個禮拜	time
94	2294	2298	九月三號	time
95	435	439	一個禮拜	time
95	559	561	一天	time
95	852	854	一天	time
95	1679	1683	兩個禮拜	time
95	1811	1815	一個禮拜	time
96	161	163	今天	time
96	491	493	晚上	time
97	2217	2221	一個禮拜	time
98	251	254	一個月	time
98	579	583	兩個禮拜	time
98	973	976	一個月	time
98	995	998	一個月	time
98	1035	1037	昨天	time
98	1052	1055	一個月	time
99	5	7	先生	family
99	110	112	三天	time
99	152	155	我先生	family
99	153	155	先生	family
99	281	283	一天	time
99	394	396	昨天	time
99	680	682	昨天	time
99	719	721	中午	time
99	768	770	中午	time
99	789	791	一天	time
99	1002	1004	兩天	time
99	1066	1068	今天	time
99	1099	1101	今天	time
99	1164	1166	昨天	time
99	1335	1338	兩個月	time
99	1341	1344	三個月	time
99	1819	1821	明年	time
99	1822	1824	明年	time
99	1834	1836	早上	time
99	1840	1842	兩天	time
99	1888	1891	三個月	time
100	3	5	昨天	time
100	38	40	昨天	time
100	335	337	一天	time
100	586	588	一天	time
100	596	598	晚上	time
100	860	862	隔天	time
100	916	918	早上	time
100	920	922	隔天	time
100	1795	1799	兩個禮拜	time
100	1803	1807	兩個禮拜	time
100	2119	2122	一個月	time
100	2163	2165	昨天	time
101	8	12	這個禮拜	time
101	223	226	28天	time
101	471	473	下午	time
102	4	6	今天	time
102	58	60	今天	time
102	435	437	晚上	time
102	511	513	今天	time
102	559	561	今天	time
102	828	832	兩個禮拜	time
103	300	302	今天	time
103	307	309	今天	time
103	633	643	S137465537	ID
104	127	130	三個月	time
104	287	289	今天	time
104	336	338	去年	time
104	354	356	今天	time
104	521	525	LINE	contact
105	174	176	今天	time
105	395	397	一天	time
105	405	407	一天	time
105	415	417	早上	time
105	418	420	下午	time
105	426	428	晚上	time
105	433	435	晚上	time
105	446	448	晚上	time
105	465	467	早上	time
105	854	856	今天	time
105	893	895	今天	time
106	182	184	先生	family
106	473	475	晚上	time
106	476	478	晚上	time
106	511	513	一天	time
106	522	524	一天	time
106	538	540	早上	time
106	544	546	晚上	time
106	555	557	下午	time
107	56	58	今天	time
107	175	179	一個禮拜	time
107	198	200	4天	time
107	344	346	清晨	time
107	622	624	晚上	time
107	644	646	隔天	time
107	650	652	隔天	time
107	682	684	晚上	time
107	717	719	清晨	time
107	754	756	中午	time
107	869	871	晚上	time
107	899	901	清晨	time
107	1057	1059	一天	time
107	1074	1076	一天	time
107	1101	1103	一天	time
107	1200	1202	早上	time
107	1263	1265	一天	time
107	2012	2014	7年	time
107	2694	2697	3個月	time
107	2701	2704	3個月	time
107	2752	2755	3個月	time
107	2912	2914	今天	time
107	2919	2921	昨天	time
108	256	258	一天	time
108	318	320	一天	time
108	878	880	一天	time
108	1585	1587	今天	time
108	1623	1625	明天	time
108	2092	2094	今天	time
108	2095	2097	今天	time
108	2195	2197	今天	time
108	2200	2202	一天	time
108	2209	2211	三天	time
109	192	194	今天	time
109	201	203	一天	time
109	203	205	晚上	time
109	334	336	一天	time
109	336	338	晚上	time
109	463	465	今天	time
109	502	504	去年	time
109	752	755	兩個月	time
109	816	819	兩個月	time
109	1040	1044	一個禮拜	time
109	1074	1078	一個禮拜	time
109	1442	1446	一個禮拜	time
110	369	371	今天	time
110	434	436	爸爸	family
110	471	473	去年	time
110	497	499	去年	time
110	563	565	去年	time
110	634	636	去年	time
110	1144	1147	三個月	time
110	1494	1497	兩個月	time
110	1625	1629	二月五號	time
111	1212	1214	一天	time
111	1345	1347	隔天	time
111	1628	1632	兩個禮拜	time
111	1646	1650	兩個禮拜	time
111	1681	1685	三個禮拜	time
111	1822	1826	三個禮拜	time
111	1936	1940	三個禮拜	time
111	2449	2453	兩個禮拜	time
112	584	586	今天	time
112	653	655	今天	time
112	667	669	今天	time
112	793	795	今天	time
112	810	812	三天	time
113	709	711	今天	time
113	877	879	兩天	time
113	1789	1792	三個月	time
113	1849	1852	三個月	time
114	26	28	今天	time
114	137	140	三個月	time
114	214	217	三個月	time
114	242	245	三個月	time
114	438	441	三個月	time
114	566	569	三個月	time
114	675	678	三個月	time
114	1361	1363	今天	time
114	1364	1369	10月7號	time
114	1394	1396	今天	time
114	1396	1398	晚上	time
114	1930	1934	兩個禮拜	time
114	2096	2098	今天	time
114	2416	2419	60年	time
114	2427	2430	65年	time
114	2456	2459	60年	time
115	42	47	11月1號	time
115	68	73	2月17號	time
115	141	144	一個月	time
115	1252	1256	LINE	contact
115	1313	1315	今天	time
115	1315	1317	晚上	time
115	1336	1339	一個月	time
115	1558	1560	隔天	time
115	1613	1615	一天	time
115	1619	1621	一天	time
115	2490	2494	五月三號	time
115	2511	2515	五月三號	time
116	564	566	今天	time
116	1301	1305	LINE	contact
117	113	116	一個月	time
117	362	364	今天	time
117	435	437	今天	time
117	441	443	今天	time
117	502	504	今天	time
117	545	547	今天	time
117	552	554	一天	time
117	856	861	9月19號	time
117	876	882	10月20號	time
117	968	970	兩天	time
117	1008	1010	兩天	time
117	1098	1101	三個月	time
117	1171	1174	三個月	time
118	182	185	三個月	time
118	191	194	3個月	time
118	1197	1199	3天	time
118	1439	1441	今天	time
119	135	137	晚上	time
119	202	205	一個月	time
119	725	727	晚上	time
120	7	10	一個月	time
120	1736	1738	今天	time
120	1844	1847	一個月	time
120	1936	1939	一個月	time
120	2128	2131	一個月	time
120	2157	2160	一個月	time
120	2438	2440	三天	time
120	2560	2562	三天	time
120	2764	2768	這個禮拜	time
120	2780	2784	這個禮拜	time
120	2871	2873	晚上	time
120	3030	3032	今天	time
120	3061	3063	今天	time
120	3193	3195	今天	time
120	3216	3218	今天	time
120	3221	3223	明天	time
120	3242	3244	今天	time
120	3343	3345	今天	time
120	3405	3407	一天	time
120	3706	3708	今天	time
120	3735	3737	今天	time
120	3752	3754	今天	time
120	3787	3789	今天	time
120	3864	3866	隔天	time
120	3923	3925	兩天	time
120	4023	4025	今天	time
121	996	1006	A289370198	ID
122	886	891	7月17號	time
122	938	941	84天	time
122	946	951	7月17號	time
122	966	972	10月16號	time
122	973	979	10月16號	time
122	1009	1015	11月21號	time
122	1019	1021	一天	time
122	1102	1108	10月17號	time
122	1381	1384	一個月	time
122	1407	1410	一個月	time
122	1440	1444	250塊	money
122	1461	1465	250塊	money
122	1788	1790	明年	time
122	1803	1805	明年	time
122	1844	1848	line	contact
123	4	6	今天	time
123	62	64	明年	time
123	133	135	明年	time
124	272	275	一個月	time
124	327	331	一個禮拜	time
124	339	343	一個禮拜	time
124	466	470	Line	contact
125	600	602	隔天	time
125	643	645	一天	time
125	645	647	隔天	time
125	836	838	一天	time
125	862	864	一天	time
126	214	216	今天	time
126	224	226	今天	time
126	234	236	今天	time
126	241	243	昨天	time
126	251	253	昨天	time
126	254	256	早上	time
126	307	309	晚上	time
126	333	335	今天	time
126	365	367	早上	time
126	371	373	晚上	time
126	390	394	一個禮拜	time
126	398	400	早上	time
126	403	405	晚上	time
126	454	456	中午	time
126	609	611	今天	time
126	728	730	今天	time
126	743	753	R147380478	ID
127	413	415	今天	time
127	456	459	三個月	time
127	466	468	今天	time
127	569	571	今天	time
127	601	603	今天	time
127	607	609	今天	time
127	617	619	今天	time
127	626	628	一天	time
127	709	713	line	contact
128	7	10	三個月	time
128	784	786	一天	time
128	787	789	一天	time
128	789	791	一天	time
128	836	841	11月2號	time
128	844	846	今天	time
128	850	855	11月2號	time
128	863	865	一天	time
128	889	894	11月2號	time
128	938	940	今天	time
129	142	144	今天	time
129	1859	1861	3年	time
129	1886	1888	3年	time
130	737	739	今天	time
130	793	796	一個月	time
130	820	822	今天	time
130	823	828	11月2號	time
130	834	836	今天	time
130	836	838	晚上	time
130	838	840	今天	time
130	893	895	隔天	time
130	909	914	11月3號	time
130	923	928	11月4號	time
130	1062	1064	一天	time
130	1128	1130	隔天	time
130	1171	1177	11月10號	time
131	219	223	line	contact
131	252	255	三個月	time
131	349	353	line	contact
131	364	366	今天	time
131	517	519	今天	time
131	566	568	今天	time
131	569	574	11月5號	time
131	578	580	今天	time
131	580	582	晚上	time
131	607	609	晚上	time
131	719	724	11月6號	time
131	733	738	11月7號	time
131	739	741	晚上	time
131	853	855	一天	time
131	890	892	今天	time
131	903	905	今天	time
131	915	917	明天	time
131	993	995	晚上	time
131	1015	1021	11月11號	time
131	1028	1034	11月12號	time
131	1103	1107	一個禮拜	time
131	1154	1158	line	contact
132	1109	1111	今天	time
132	1125	1130	9月28號	time
132	1131	1137	10月12號	time
132	1163	1165	三天	time
132	1194	1196	晚上	time
132	1213	1215	晚上	time
132	1234	1236	今天	time
132	1354	1356	今天	time
132	1420	1424	ＬＩＮＥ	contact
132	1528	1530	今天	time
133	282	284	先生	family
133	322	326	LINE	contact
133	636	638	今天	time
133	759	762	一個月	time
133	780	783	一個月	time
133	792	797	6000塊	money
133	825	828	一個月	time
133	1012	1016	LINE	contact
133	1069	1072	三個月	time
134	313	315	今天	time
134	340	342	今天	time
134	397	399	今天	time
134	447	449	明年	time
134	450	454	3月7號	time
134	467	469	今天	time
135	372	374	今天	time
135	450	452	今天	time
135	459	461	今天	time
135	479	481	今天	time
135	487	489	今天	time
135	699	703	mail	contact
135	710	714	mail	contact
135	966	969	一個月	time
135	984	987	一個月	time
136	29	32	一個月	time
136	63	65	昨天	time
136	379	381	今天	time
136	465	469	LINE	contact
136	482	484	明年	time
136	528	532	LINE	contact
136	776	780	LINE	contact
137	4	6	今天	time
137	41	43	一天	time
137	71	73	今天	time
137	219	221	今天	time
137	384	388	一月五號	time
137	402	404	今天	time
137	481	483	今天	time
137	508	510	今天	time
137	604	607	一個月	time
137	650	652	今天	time
137	807	809	今天	time
137	915	917	兩天	time
137	917	919	一天	time
137	920	922	一天	time
137	1034	1037	一個月	time
137	1140	1142	今天	time
137	1399	1403	Line	contact
137	1446	1448	明年	time
137	1476	1478	今天	time
137	1541	1543	今天	time
137	1556	1558	今天	time
137	1566	1568	今天	time
137	1576	1578	今天	time
137	1593	1595	兩天	time
137	1648	1650	今天	time
137	1731	1733	兩天	time
137	1799	1801	今天	time
137	1801	1803	晚上	time
137	1806	1808	明天	time
137	1901	1905	一個禮拜	time
138	251	254	一個月	time
138	1133	1138	12月7號	time
138	1151	1156	12月7號	time
138	1256	1261	12月7號	time
138	1290	1292	一天	time
138	1444	1448	LINE	contact
138	1563	1567	LINE	contact
138	1612	1614	三天	time
138	1668	1670	昨天	time
138	1673	1675	今天	time
139	136	139	一個月	time
139	198	202	兩個禮拜	time
139	205	208	一個月	time
140	142	145	兩個月	time
140	283	287	兩個禮拜	time
140	319	321	爺爺	family
140	402	404	今天	time
140	419	421	今天	time
140	902	905	一個月	time
140	909	913	一個禮拜	time
140	919	923	一個禮拜	time
140	929	933	一個禮拜	time
140	947	950	兩個月	time
140	1364	1367	一個月	time
141	138	141	一個月	time
141	162	165	一個月	time
141	908	910	今天	time
141	966	969	兩個月	time
141	1101	1104	兩個月	time
141	1123	1125	明年	time
141	1446	1448	今天	time
141	2143	2145	我爸	family
141	2387	2391	三個禮拜	time
141	2397	2401	三個禮拜	time
141	2410	2413	三個月	time
141	2415	2418	三個月	time
141	2423	2425	今天	time
141	2429	2432	三個月	time
142	15	25	R100382694	ID
142	38	41	5個月	time
142	235	238	三個月	time
142	269	272	三個月	time
142	456	461	EMAIL	contact
142	486	490	LINE	contact
142	1319	1323	兩個禮拜	time
142	1326	1330	一個禮拜	time
142	1332	1336	一個禮拜	time
142	1345	1349	一個禮拜	time
142	1357	1361	一個禮拜	time
142	1709	1711	今天	time
142	1987	1989	今天	time
142	2025	2028	一個月	time
142	2133	2136	一個月	time
142	2606	2609	一個月	time
142	2625	2628	一個月	time
142	2635	2638	一個月	time
142	2658	2660	晚上	time
142	2664	2666	下午	time
142	2691	2694	一個月	time
142	2720	2722	三天	time
143	89	92	三個月	time
143	305	309	8月9號	time
143	384	386	一天	time
143	392	394	一天	time
143	444	446	隔天	time
143	455	457	一天	time
143	492	495	兩個月	time
143	621	623	今天	time
143	808	818	0927773645	contact
144	69	71	昨天	time
144	555	557	老公	family
144	1325	1327	今天	time
144	1932	1934	兩天	time
144	2012	2014	今天	time
144	2025	2027	明天	time
144	2096	2099	一個月	time
144	2260	2262	一天	time
145	10	14	二月三號	time
145	31	35	二月五號	time
145	40	44	二月五號	time
145	143	147	一個禮拜	time
145	310	314	二月四號	time
145	1060	1062	一天	time
145	1068	1070	一天	time
145	1164	1166	兩天	time
145	1226	1228	晚上	time
145	1298	1300	兩天	time
145	1437	1439	兩天	time
145	1485	1487	今天	time
145	1504	1506	兩天	time
145	1585	1587	兩天	time
145	1612	1616	一個禮拜	time
146	6	16	E189370256	ID
146	432	434	三天	time
146	693	695	兩天	time
146	914	916	隔天	time
146	917	919	隔天	time
146	1075	1077	今天	time
146	1189	1191	今天	time
146	1196	1199	三個月	time
147	66	68	今天	time
147	125	127	今天	time
147	683	685	今天	time
147	700	702	今天	time
147	710	712	今天	time
147	804	807	一個月	time
147	809	812	28天	time
147	850	854	一個禮拜	time
147	857	861	三個禮拜	time
147	871	875	一個禮拜	time
147	921	923	今天	time
147	1091	1094	清明節	time
147	1169	1171	三天	time
147	1296	1299	三個月	time
147	1654	1657	三個月	time
147	1662	1664	今天	time
147	1670	1672	今天	time
147	1765	1769	一個禮拜	time
147	1777	1781	三個禮拜	time
147	1797	1799	今天	time
147	1814	1818	三個禮拜	time
148	52	55	三個月	time
148	701	703	今天	time
148	733	735	今天	time
148	817	819	今天	time
148	865	867	今天	time
148	876	879	三個月	time
148	896	899	三個月	time
148	945	948	三個月	time
148	1092	1096	line	contact
149	171	174	一個月	time
149	243	245	今天	time
149	423	426	三個月	time
149	1560	1564	三個禮拜	time
149	1666	1668	今天	time
149	1932	1934	今天	time
149	2014	2016	今天	time
149	2076	2078	早上	time
149	2082	2084	早上	time
149	2092	2094	早上	time
149	2097	2099	下午	time
149	2102	2104	早上	time
149	2107	2109	早上	time
149	2120	2122	早上	time
149	2139	2143	十月七號	time
149	2148	2150	一天	time
149	2218	2220	三天	time
149	2242	2244	四天	time
149	2249	2251	三天	time
149	2288	2292	十月七號	time
150	85	87	兩天	time
150	191	193	今天	time
150	200	202	今天	time
150	218	220	今天	time
150	378	384	10月20號	time
150	403	405	今天	time
150	537	539	三天	time
150	575	577	晚上	time
150	1531	1533	今天	time
150	1715	1717	明年	time
150	1796	1798	明年	time
150	2076	2078	明年	time
150	2183	2187	414塊	money
150	2329	2332	一個月	time
150	2472	2474	兩天	time
150	2521	2523	兩天	time
150	2594	2596	一天	time
150	2746	2748	隔天	time
150	2762	2764	隔天	time
150	2931	2933	隔天	time
150	2970	2972	今天	time
150	2981	2983	隔天	time
150	2999	3001	隔天	time
150	3061	3064	一個月	time
150	3079	3082	一個月	time
150	3300	3302	今天	time
150	3847	3850	一個月	time
150	5051	5053	今天	time
150	5191	5193	一天	time
150	5201	5203	兩天	time
150	5285	5287	今天	time
150	5887	5890	三個月	time
150	6085	6088	三個月	time
150	6274	6276	今天	time
150	6294	6296	明年	time
150	6473	6478	1月10號	time
150	6482	6487	1月10號	time
150	6501	6503	今天	time
150	6506	6509	三個月	time
150	6605	6609	1月1號	time
150	6654	6656	今天	time
150	7093	7095	早上	time
150	7258	7260	今天	time
151	302	304	今天	time
151	344	346	今天	time
151	676	678	明年	time
151	716	719	兩個月	time
151	748	750	明年	time
151	875	877	今天	time
151	1047	1050	三個月	time
151	1308	1310	早上	time
151	1312	1314	今天	time
152	371	373	明年	time
152	463	465	明年	time
152	529	531	明年	time
152	859	862	一個月	time
152	964	967	一個月	time
152	1186	1188	一天	time
152	1316	1320	兩個禮拜	time
152	1327	1330	三個月	time
152	1338	1341	三個月	time
152	1805	1807	今天	time
152	1876	1880	兩個禮拜	time
152	1898	1902	兩個禮拜	time
152	1916	1920	兩個禮拜	time
152	2312	2315	兩個月	time
152	2566	2568	今天	time
152	2630	2632	今天	time
152	3199	3202	三個月	time
152	3229	3231	今天	time
152	3243	3246	兩個月	time
152	3273	3276	兩個月	time
152	3741	3743	隔天	time
152	3761	3763	隔天	time
152	3839	3841	明天	time
152	3909	3911	早上	time
152	3943	3945	明天	time
153	81	83	今天	time
153	130	132	今天	time
153	144	146	今天	time
153	265	267	今天	time
153	275	277	今天	time
153	285	287	今天	time
153	311	313	今天	time
153	855	858	一個月	time
153	1027	1031	兩個禮拜	time
153	1113	1116	一個月	time
153	1120	1123	一個月	time
153	1125	1129	兩個禮拜	time
153	1132	1136	兩個禮拜	time
153	1181	1185	兩個禮拜	time
153	1340	1343	三個月	time
153	1587	1591	680塊	money
153	1668	1671	一個月	time
153	1690	1693	60塊	money
153	2126	2128	一天	time
153	2170	2172	一天	time
153	2295	2297	今天	time
153	2605	2607	明年	time
153	2693	2696	三個月	time
154	668	670	今天	time
154	1021	1023	一天	time
154	1047	1049	1天	time
154	1056	1058	1天	time
154	1178	1180	晚上	time
154	1400	1402	明天	time
154	1403	1405	隔天	time
154	1574	1576	明天	time
154	1661	1663	三天	time
154	2033	2035	今天	time
154	2155	2159	三個禮拜	time
155	85	87	今天	time
155	107	109	今天	time
155	199	203	一個禮拜	time
155	322	326	這個禮拜	time
155	410	412	今天	time
155	489	491	明年	time
155	515	517	明年	time
155	594	596	明年	time
155	1099	1102	一個月	time
155	1212	1215	一個月	time
155	1226	1229	一個月	time
155	1629	1632	一個月	time
155	1780	1784	兩個禮拜	time
155	1812	1816	兩個禮拜	time
155	1821	1824	一個月	time
155	2266	2270	一個禮拜	time
155	2414	2417	三個月	time
155	2437	2440	三個月	time
155	2549	2553	ＬＩＮＥ	contact
156	356	358	兩天	time
156	547	549	兩天	time
156	629	631	三天	time
156	633	635	四天	time
156	717	719	兩天	time
156	739	741	五天	time
156	742	746	一個禮拜	time
156	961	963	一天	time
156	1003	1005	兩天	time
156	3236	3238	今天	time
157	8	11	一個月	time
157	166	168	一天	time
157	181	183	隔天	time
157	430	432	今天	time
157	446	448	今天	time
157	476	478	今天	time
157	555	557	今天	time
157	736	738	今天	time
157	759	761	今天	time
157	833	835	明年	time
157	858	860	明年	time
157	1466	1469	一個月	time
157	1584	1587	一個月	time
157	1891	1894	一個月	time
157	2245	2247	一天	time
157	2481	2483	今天	time
157	2594	2596	明年	time
157	2612	2614	明年	time
157	2711	2715	兩個禮拜	time
157	2716	2719	一個月	time
157	2923	2927	LINE	contact
157	3045	3047	今天	time
157	3388	3391	三個月	time
157	3425	3428	三個月	time
157	3487	3489	今天	time
157	3495	3497	今天	time
157	3499	3501	今天	time
157	3661	3663	早上	time
157	3670	3672	一天	time
157	3675	3677	早上	time
157	3706	3708	下午	time
157	3722	3726	這個禮拜	time
158	335	337	今天	time
158	1074	1076	今天	time
158	1083	1086	三個月	time
158	1143	1145	今天	time
158	1353	1355	今天	time
158	1380	1390	A124699678	ID
158	1489	1491	明年	time
